Company,Year,Age Range,Contract Type,Category,Men,Women,Men Work Hours,Women Work Hours,Men Absences (Hours),Women Absences (Hours),Men Absence per Person,Women Absence per Person,Normalized Men Absence,Normalized Women Absence
EDF,2020,26-35,CDD,Cadres,78,22,1404.0,396.0,149.07814902925452,76.51899767139372,191.12583208878783,347.81362577906236,0.7158270864748608,0.6611283711024168
EDF,2020,26-35,CDD,Maîtrise,68,32,1224.0,576.0,235.75114665686064,92.55429360251439,346.6928627306774,289.23216750785747,1.1320039693501422,0.7996742146406981
EDF,2020,26-35,CDD,Exécution,54,46,972.0000000000001,828.0,155.3247167161029,110.25077332191596,287.63836428907945,239.67559417807817,0.7458211692888835,0.9525727779671328
EDF,2020,26-35,CDI,Cadres,82,18,1476.0,324.0,206.3429884012239,45.92962826698952,251.6377907331999,255.1646014832751,0.9907951042025541,0.3968345279677684
EDF,2020,26-35,CDI,Maîtrise,47,53,846.0,954.0,62.09876547214519,107.74476893341674,132.12503291945785,203.29201685550328,0.2981790332860136,0.9309207614775942
EDF,2020,26-35,CDI,Exécution,60,40,1080.0,720.0,79.27111229446484,62.75494686612501,132.11852049077476,156.88736716531253,0.380635322647003,0.5422062110430708
EDF,2020,26-35,Statutaires,Cadres,78,22,1404.0,396.0,82.43240872262281,40.94477711188494,105.68257528541386,186.11262323584063,0.3958148887094152,0.35376513834357126
EDF,2020,26-35,Statutaires,Maîtrise,58,42,1044.0,756.0,187.84318442835485,123.73974892665944,323.86755935923253,294.6184498253796,0.9019647768575572,1.0691182730832853
EDF,2020,26-35,Statutaires,Exécution,62,38,1116.0,684.0,156.42665296581316,35.67677193341295,252.3010531706664,93.88624193003407,0.7511123257745759,0.30824928230009463
EDF,2020,36-45,CDD,Cadres,50,50,900.0,900.0,140.58979800246615,60.66980646843369,281.1795960049323,121.33961293686738,0.6750686545782492,0.5241904827063564
EDF,2020,36-45,CDD,Maîtrise,50,50,900.0,900.0,47.77890672993333,51.21035667293662,95.55781345986667,102.42071334587324,0.22941950797048563,0.44246031340017816
EDF,2020,36-45,CDD,Exécution,63,37,1134.0,666.0,221.68166585275526,37.36880735166512,351.8756600837385,100.99677662612194,1.0644466813250517,0.32286856187718266
EDF,2020,36-45,CDI,Cadres,75,25,1350.0,450.0,236.06963476208543,80.24358942074298,314.7595130161139,320.9743576829719,1.1335332505622078,0.6933090497731379
EDF,2020,36-45,CDI,Maîtrise,79,21,1422.0,378.0,116.39193230767631,58.79740062684734,147.33155988313456,279.9876220326064,0.558878000132893,0.5080127926978343
EDF,2020,36-45,CDI,Exécution,63,37,1134.0,666.0,87.62842692192781,80.66996552582378,139.09274114591716,218.0269338535778,0.4207645583497926,0.69699296289808
EDF,2020,36-45,Statutaires,Cadres,42,58,756.0,1044.0,58.598071417379394,67.52082955794683,139.51921766042713,116.4152233757704,0.28136978496772974,0.5833837010363472
EDF,2020,36-45,Statutaires,Maîtrise,61,39,1098.0,702.0,105.00869741543586,86.86715164980244,172.1454055990752,222.7362862815447,0.5042192327640251,0.7505369936910526
EDF,2020,36-45,Statutaires,Exécution,41,59,738.0,1062.0,94.99053698168873,128.52405308534412,231.68423654070423,217.83737811075275,0.4561151300378793,1.110454925568897
EDF,2020,46-55,CDD,Cadres,63,37,1134.0,666.0,130.17384767102388,50.60286680401052,206.62515503337124,136.7645048757041,0.6250544880006909,0.43721156734068184
EDF,2020,46-55,CDD,Maîtrise,83,17,1494.0,306.0,139.96445031838118,35.213790700022955,168.6318678534713,207.13994529425267,0.6720659287351445,0.3042490988424309
EDF,2020,46-55,CDD,Exécution,69,31,1242.0,558.0,176.08819428677933,61.25484626906016,255.2002815750425,197.59627828729083,0.8455209559530362,0.5292452589343369
EDF,2020,46-55,CDI,Cadres,77,23,1386.0,414.0,98.3007736295595,58.94429108904264,127.6633423760513,256.2795264740984,0.47200986089291996,0.5092819344137086
EDF,2020,46-55,CDI,Maîtrise,41,59,738.0,1062.0,69.24041259284866,154.27041858321567,168.87905510450892,261.4752857342639,0.3324710102412785,1.3329049471506453
EDF,2020,46-55,CDI,Exécution,60,40,1080.0,720.0,113.35061861357805,40.89283305538081,188.91769768929674,102.23208263845203,0.5442745539881785,0.3533163388230587
EDF,2020,46-55,Statutaires,Cadres,72,28,1296.0,504.00000000000006,153.4600049317918,53.52071366576123,213.1388957385997,191.14540594914723,0.7368674009977518,0.4624219255725006
EDF,2020,46-55,Statutaires,Maîtrise,51,49,918.0,882.0,154.01872988381797,126.90126684899346,301.99750957611366,258.9821772428438,0.7395502251215691,1.0964339627526651
EDF,2020,46-55,Statutaires,Exécution,61,39,1098.0,702.0,87.78627192148184,88.08024802848324,143.9119211827571,225.8467898166237,0.4215224811364729,0.7610182134826615
EDF,2020,56-65,CDD,Cadres,83,17,1494.0,306.0,189.9399376484904,54.612883710544,228.8432983716752,321.252257120847,0.912032736235909,0.471858335152445
EDF,2020,56-65,CDD,Maîtrise,64,36,1152.0,648.0,159.96923749936096,96.42502099336146,249.9519335927515,267.8472805371152,0.7681227191940888,0.8331175133347284
EDF,2020,56-65,CDD,Exécution,88,12,1584.0,216.0,90.23661806227145,16.079075437438323,102.54161143439937,133.99229531198603,0.4332882841749325,0.13892410089371282
EDF,2020,56-65,CDI,Cadres,66,34,1188.0,612.0,167.6644926088363,37.078211011359464,254.03711001338831,109.05356179811606,0.805072950200885,0.3203577934280237
EDF,2020,56-65,CDI,Maîtrise,81,19,1458.0,342.0,110.19362585041065,50.056108971983996,136.0415133955687,263.45320511570526,0.5291156527917538,0.4324875494382582
EDF,2020,56-65,CDI,Exécution,67,33,1206.0,594.0,72.06783317103707,32.062157769258505,107.56393010602547,97.15805384623789,0.3460474079085617,0.2770188160468162
EDF,2020,56-65,Statutaires,Cadres,55,45,990.0000000000001,810.0,190.40950228212,111.67173312472578,346.19909505839996,248.15940694383505,0.9142874401331028,0.9648499492373058
EDF,2020,56-65,Statutaires,Maîtrise,54,46,972.0000000000001,828.0,189.38915042227077,158.17659598497974,350.72064893013106,343.86216518473856,0.9093880266122671,1.3666545358992546
EDF,2020,56-65,Statutaires,Exécution,86,14,1548.0,252.00000000000003,265.1098642326423,34.35292392370823,308.2672839914445,245.37802802648736,1.2729754356700387,0.2968111622922778
EDF,2021,26-35,CDD,Cadres,83,17,1494.0,306.0,142.96394567175238,33.116999612879354,172.2457176768101,194.80588007576088,0.6864685761632209,0.28613270790460815
EDF,2021,26-35,CDD,Maîtrise,42,58,756.0,1044.0,48.87601772832393,152.9389350080725,116.37147078172364,263.68781897943535,0.23468749509422804,1.3214008554352212
EDF,2021,26-35,CDD,Exécution,76,24,1368.0,432.0,208.80461704029457,51.29478730385027,274.74291715828235,213.72828043270948,1.0026150823023845,0.4431897987199782
EDF,2021,26-35,CDI,Cadres,46,54,828.0,972.0000000000001,96.06693972245849,128.15092788226335,208.84117330969235,237.3165331153025,0.4612836825240492,1.1072311031818158
EDF,2021,26-35,CDI,Maîtrise,60,40,1080.0,720.0,73.77019404485416,137.67819934786473,122.95032340809028,344.19549836966183,0.3542216174246335,1.1895472554679862
EDF,2021,26-35,CDI,Exécution,48,52,864.0,936.0,107.37492755042061,101.00881034722872,223.69776573004293,194.24771220620906,0.5155811368021732,0.8727217068189798
EDF,2021,26-35,Statutaires,Cadres,78,22,1404.0,396.0,77.442222546865,76.89471949114049,99.28490070110897,349.5214522324568,0.37185356067831077,0.6643746284010756
EDF,2021,26-35,Statutaires,Maîtrise,57,43,1026.0,774.0,191.24440987992455,143.81120953109902,335.51650856127117,334.4446733281373,0.9182964077591692,1.2425368025842323
EDF,2021,26-35,Statutaires,Exécution,43,57,774.0,1026.0,68.74435586376195,81.43225564407273,159.87059503200456,142.86360639311005,0.3300890995090846,0.703579191671615
EDF,2021,36-45,CDD,Cadres,64,36,1152.0,648.0,172.08385073636808,39.14191844506608,268.8810167755751,108.72755123629467,0.8262933387898208,0.33818833977074547
EDF,2021,36-45,CDD,Maîtrise,53,47,954.0,846.0,92.30585498839471,55.088728374795444,174.16199054414096,117.2100603719052,0.4432241188341242,0.47596965936405256
EDF,2021,36-45,CDD,Exécution,89,11,1602.0,198.0,205.07234548902795,10.441188221851029,230.41836571800894,94.91989292591845,0.9846938705897819,0.09021244359643191
EDF,2021,36-45,CDI,Cadres,48,52,864.0,936.0,114.05365220288904,60.05979169013235,237.6117754226855,115.49959940410066,0.5476503034806925,0.5189199212902398
EDF,2021,36-45,CDI,Maîtrise,65,35,1170.0,630.0,90.94195694473,96.04414008784572,139.9107029918923,274.41182882241634,0.4366751029709497,0.829826681249747
EDF,2021,36-45,CDI,Exécution,41,59,738.0,1062.0,144.23301829353665,64.44035169971448,351.78784949643085,109.22093508426184,0.6925622697279201,0.5567682020020259
EDF,2021,36-45,Statutaires,Cadres,59,41,1062.0,738.0,176.57865876142554,72.21060227351937,299.28586230750096,176.12342017931556,0.8478760144119157,0.6239035966262259
EDF,2021,36-45,Statutaires,Maîtrise,67,33,1206.0,594.0,230.25535852896184,104.9783902073784,343.6647142223311,318.1163339617527,1.1056148973828956,0.9070190963139657
EDF,2021,36-45,Statutaires,Exécution,86,14,1548.0,252.00000000000003,285.17891076930005,13.479679170814219,331.6033846154652,96.28342264867298,1.369340779647076,0.11646517341294467
EDF,2021,46-55,CDD,Cadres,46,54,828.0,972.0000000000001,115.65917736833677,167.34950476146685,251.43299427899296,309.90649029901266,0.5553595379253662,1.4459089749565133
EDF,2021,46-55,CDD,Maîtrise,83,17,1494.0,306.0,281.2920160686805,28.237134162099053,338.90604345624155,166.10078918881794,1.3506771154743134,0.24397040057109942
EDF,2021,46-55,CDD,Exécution,47,53,846.0,954.0,53.529698510388585,64.609386832659,113.89297555401828,121.90450345784716,0.25703302847588877,0.5582286748976931
EDF,2021,46-55,CDI,Cadres,86,14,1548.0,252.00000000000003,122.90722065372552,38.9366648507649,142.9153728531692,278.1190346483207,0.5901623963013806,0.3364149373662078
EDF,2021,46-55,CDI,Maîtrise,74,26,1332.0,468.0,75.63641232432552,67.55178784394786,102.2113680058453,259.8145686305687,0.363182619438805,0.5836511823392766
EDF,2021,46-55,CDI,Exécution,53,47,954.0,846.0,94.25477033222315,153.65119851658304,177.8391893060814,326.91744365230437,0.45258220653137016,1.3275548515343274
EDF,2021,46-55,Statutaires,Cadres,56,44,1008.0000000000001,792.0,109.1680062010497,126.92644000390163,194.94286821616018,288.46918182704917,0.5241909449776707,1.0966514602030555
EDF,2021,46-55,Statutaires,Maîtrise,75,25,1350.0,450.0,122.44817893421393,76.73496280097729,163.2642385789519,306.93985120390914,0.5879582201777294,0.6629943217641031
EDF,2021,46-55,Statutaires,Exécution,89,11,1602.0,198.0,279.2456234492086,18.276426805367805,313.7591274710209,166.14933459425276,1.3408509720983801,0.15790933821814243
EDF,2021,56-65,CDD,Cadres,79,21,1422.0,378.0,147.1954845837426,28.960822132310284,186.3233982072691,137.90867682052516,0.7067871150664677,0.2502231046510306
EDF,2021,56-65,CDD,Maîtrise,43,57,774.0,1026.0,71.3164965747049,166.8196102775281,165.8523176155928,292.6659829430318,0.3424397223408475,1.4413306573140496
EDF,2021,56-65,CDD,Exécution,41,59,738.0,1062.0,96.97645640561811,181.62877396527514,236.5279424527271,307.8453796021613,0.465650899863719,1.5692826504689403
EDF,2021,56-65,CDI,Cadres,45,55,810.0,990.0000000000001,57.622293334433664,196.5900135871,128.04954074318593,357.4363883401818,0.2766844009144035,1.6985485881035076
EDF,2021,56-65,CDI,Maîtrise,81,19,1458.0,342.0,248.34047969090847,38.26728682555618,306.5931848035907,201.40677276608514,1.1924540463406725,0.33063147421424033
EDF,2021,56-65,CDI,Exécution,43,57,774.0,1026.0,47.35532973122139,108.55358340350932,110.12867379353811,190.44488316405145,0.22738562244896468,0.9379089632236851
EDF,2021,56-65,Statutaires,Cadres,68,32,1224.0,576.0,242.392441559855,95.88207980810854,356.45947288213966,299.6314994003392,1.1638934099676124,0.8284264714714752
EDF,2021,56-65,Statutaires,Maîtrise,57,43,1026.0,774.0,170.14846999475557,78.26729102337538,298.5060877100975,182.01695586831482,0.8170002400593277,0.6762337223377862
EDF,2021,56-65,Statutaires,Exécution,65,35,1170.0,630.0,93.37460210924726,119.45656726953688,143.65323401422654,341.3044779129625,0.4483559114052014,1.0321113467214176
EDF,2022,26-35,CDD,Cadres,83,17,1494.0,306.0,75.9375064473993,54.70114530959424,91.49097162337266,321.7714429976131,0.364628380137325,0.4726209202487837
EDF,2022,26-35,CDD,Maîtrise,73,27,1314.0,486.00000000000006,226.42744754844782,55.573664595638846,310.17458568280523,205.82838739125498,1.0872344547606252,0.4801595351273445
EDF,2022,26-35,CDD,Exécution,49,51,882.0,918.0,137.61722659103975,149.2949460348892,280.85148283885667,292.7351883037043,0.6607952875782184,1.2899165892076137
EDF,2022,26-35,CDI,Cadres,75,25,1350.0,450.0,215.12395152829995,73.43164400071605,286.8319353710666,293.7265760028642,1.0329585687520404,0.6344534646683605
EDF,2022,26-35,CDI,Maîtrise,53,47,954.0,846.0,158.06878661075882,55.38641895527984,298.2429936052053,117.84344458570179,0.7589973427963066,0.4785417224406414
EDF,2022,26-35,CDI,Exécution,70,30,1260.0,540.0,76.99443917774308,100.10678544104489,109.9920559682044,333.68928480348296,0.369703443665337,0.8649281617508631
EDF,2022,26-35,Statutaires,Cadres,87,13,1566.0,234.0,162.50359963504965,29.43435827291978,186.78574670695363,226.4181405609214,0.7802919410114744,0.2543144830907187
EDF,2022,26-35,Statutaires,Maîtrise,54,46,972.0000000000001,828.0,65.49370887876391,144.04601729058152,121.28464607178502,313.14351584909025,0.3144804997539802,1.2445655546101737
EDF,2022,26-35,Statutaires,Exécution,47,53,846.0,954.0,151.82782474361284,93.49909790748055,323.0379249864103,176.41339227826518,0.7290301773917836,0.8078373760798389
EDF,2022,36-45,CDD,Cadres,53,47,954.0,846.0,136.89396194902355,155.9418976961678,258.29049424344066,331.79127169397407,0.6573223948382961,1.3473466191132522
EDF,2022,36-45,CDD,Maîtrise,62,38,1116.0,684.0,111.19232936033347,74.13209223812514,179.3424667102153,195.08445325822404,0.533911117643011,0.6405053761718087
EDF,2022,36-45,CDD,Exécution,79,21,1422.0,378.0,84.65699611600884,19.51449483893292,107.16075457722637,92.92616589968057,0.4064966681840432,0.16860631448879315
EDF,2022,36-45,CDI,Cadres,60,40,1080.0,720.0,104.37913611793726,133.78125345328047,173.9652268632288,334.45313363320116,0.5011962744547069,1.1558774274518788
EDF,2022,36-45,CDI,Maîtrise,55,45,990.0000000000001,810.0,97.78972332097194,51.591331229515234,177.7994969472217,114.64740273225607,0.4695559556370496,0.4457519546355213
EDF,2022,36-45,CDI,Exécution,84,16,1512.0,288.0,241.07468124707293,28.194349143905917,286.9936681512773,176.21468214941197,1.1575659331944346,0.24360073564805526
EDF,2022,36-45,Statutaires,Cadres,57,43,1026.0,774.0,149.42009484156728,149.00219437459845,262.14051726590753,346.51673110371735,0.7174690043290468,1.2873871986746022
EDF,2022,36-45,Statutaires,Maîtrise,86,14,1548.0,252.00000000000003,283.410798826223,48.53295015423963,329.54744049560816,346.66392967314016,1.3608508538664315,0.4193273730278177
EDF,2022,36-45,Statutaires,Exécution,63,37,1134.0,666.0,137.02375877004758,90.58644502351628,217.49802979372632,244.82822979328725,0.6579456389611427,0.782671894103303
EDF,2022,46-55,CDD,Cadres,65,35,1170.0,630.0,79.48879016217195,91.20861655004603,122.29044640334146,260.5960472858458,0.3816805443300295,0.7880474904963369
EDF,2022,46-55,CDD,Maîtrise,64,36,1152.0,648.0,180.84869923213353,75.98890473629268,282.5760925502086,211.08029093414635,0.8683794258721478,0.6565483388309373
EDF,2022,46-55,CDD,Exécution,84,16,1512.0,288.0,248.14604902631237,27.06670533735639,295.41196312656234,169.16690835847743,1.1915204505248842,0.23385783080487635
EDF,2022,46-55,CDI,Cadres,80,20,1440.0,360.0,193.2358746750112,35.747885449975456,241.54484334376397,178.73942724987728,0.9278588047393219,0.3088637070155128
EDF,2022,46-55,CDI,Maîtrise,68,32,1224.0,576.0,202.7495742396574,86.90559460505611,298.16113858773144,271.5799831408003,0.9735406426565706,0.7508691429501997
EDF,2022,46-55,CDI,Exécution,54,46,972.0000000000001,828.0,120.59539794992817,134.84491655615986,223.32481101838547,293.1411229481736,0.5790617398920971,1.165067535477448
EDF,2022,46-55,Statutaires,Cadres,84,16,1512.0,288.0,194.15580570383628,48.59621468895665,231.13786393313845,303.7263418059791,0.9322760285404604,0.41987398210607096
EDF,2022,46-55,Statutaires,Maîtrise,40,60,720.0,1080.0,82.17442998272335,181.91813913271776,205.43607495680837,303.1968985545296,0.39457615472353474,1.571782781516483
EDF,2022,46-55,Statutaires,Exécution,64,36,1152.0,648.0,61.99242510137965,41.26523321633271,96.8631642209057,114.62564782314642,0.2976684197703815,0.3565338968060542
EDF,2022,56-65,CDD,Cadres,46,54,828.0,972.0000000000001,54.800115232568416,120.68648042563639,119.1306852881922,223.493482269697,0.2631331759942784,1.0427378643998306
EDF,2022,56-65,CDD,Maîtrise,48,52,864.0,936.0,47.27322246500076,54.881249906336855,98.48588013541824,105.54086520449395,0.22699136879381904,0.4741770339237676
EDF,2022,56-65,CDD,Exécution,63,37,1134.0,666.0,164.95341095596905,88.19793534414119,261.8308110412207,238.37279822740862,0.7920551760106072,0.7620350383976257
EDF,2022,56-65,CDI,Cadres,40,60,720.0,1080.0,69.95044595624327,125.52794122248709,174.87611489060816,209.21323537081182,0.3358803704803768,1.08456835339975
EDF,2022,56-65,CDI,Maîtrise,83,17,1494.0,306.0,188.67069189000992,56.04562198860596,227.3140866144698,329.6801293447409,0.9059382113224332,0.4842372731001033
EDF,2022,56-65,CDI,Exécution,47,53,846.0,954.0,157.47018554122118,97.91593829620246,335.04294796004507,184.74705338906122,0.756123045910022,0.8459991212735654
EDF,2022,56-65,Statutaires,Cadres,63,37,1134.0,666.0,99.10460817822363,44.994994941117824,157.30890187019622,121.60809443545358,0.4758696253636014,0.38875924435042186
EDF,2022,56-65,Statutaires,Maîtrise,50,50,900.0,900.0,100.40169460981001,64.30387707713284,200.80338921962002,128.60775415426568,0.4820978325641507,0.5555890537163716
EDF,2022,56-65,Statutaires,Exécution,56,44,1008.0000000000001,792.0,164.63933214770898,130.06746304803568,293.99880740662314,295.6078705637174,0.7905470668765436,1.1237900729914954
Company B,2020,26-35,CDD,Cadres,47,53,846.0,954.0,71.3344872008869,136.16700486055694,151.7755046827381,256.9188770953904,0.3425261077541866,1.1764904515341017
Company B,2020,26-35,CDD,Maîtrise,74,26,1332.0,468.0,81.98058598379284,30.498811863819874,110.7845756537741,117.30312255315336,0.3936453758945205,0.263511420976498
Company B,2020,26-35,CDD,Exécution,74,26,1332.0,468.0,124.49234029217085,29.30429778927282,168.23289228671737,112.70883765104931,0.5977736497271241,0.2531907533201384
Company B,2020,26-35,CDI,Cadres,72,28,1296.0,504.00000000000006,96.14141824217846,78.19326633830948,133.5297475585812,279.2616654939624,0.4616413053019229,0.6755941449655216
Company B,2020,26-35,CDI,Maîtrise,44,56,792.0,1008.0000000000001,150.04808109829767,61.40176656226606,341.0183661324947,109.64601171833225,0.7204843997805515,0.5305146583917925
Company B,2020,26-35,CDI,Exécution,81,19,1458.0,342.0,249.63592701073796,59.26142104159527,308.1925024823925,311.9022160083962,1.19867438303437,0.5120219547398935
Company B,2020,26-35,Statutaires,Cadres,78,22,1404.0,396.0,203.59483112109518,61.75078829309587,261.0190142578143,280.68540133225395,0.9775993043363832,0.5335302254457912
Company B,2020,26-35,Statutaires,Maîtrise,80,20,1440.0,360.0,260.235487480547,22.392834154662587,325.29435935068375,111.96417077331293,1.2495701886130173,0.1934753253383669
Company B,2020,26-35,Statutaires,Exécution,67,33,1206.0,594.0,205.6842787110498,37.2590403249906,306.9914607627609,112.90618280300181,0.9876321843419273,0.32192016869699847
Company B,2020,36-45,CDD,Cadres,46,54,828.0,972.0000000000001,64.57200131364566,192.45205054547142,140.37391589922967,356.3926861953174,0.31005474557594187,1.6627963586095682
Company B,2020,36-45,CDD,Maîtrise,48,52,864.0,936.0,158.87564620430112,99.3476197241593,330.99092959229404,191.05311485415248,0.762871632595319,0.8583689279778753
Company B,2020,36-45,CDD,Exécution,47,53,846.0,954.0,110.74253049909606,100.73889124527209,235.62240531722568,190.07337970806054,0.5317513228613083,0.8703895908525323
Company B,2020,36-45,CDI,Cadres,51,49,918.0,882.0,157.0845093660914,151.63338274816758,308.00884189429684,309.4558831595257,0.754271148401476,1.310120811717363
Company B,2020,36-45,CDI,Maîtrise,73,27,1314.0,486.00000000000006,242.31959521492053,93.35442129128332,331.9446509793432,345.75711589364187,1.1635436243874029,0.8065873621158054
Company B,2020,36-45,CDI,Exécution,72,28,1296.0,504.00000000000006,126.61987553453035,99.74168042500906,175.86093824240328,356.2202872321752,0.6079894148397693,0.8617736342233373
Company B,2020,36-45,Statutaires,Cadres,87,13,1566.0,234.0,104.15119707155127,38.143574302588846,119.71401962247272,293.41211001991417,0.5001017817706293,0.3295625911749511
Company B,2020,36-45,Statutaires,Maîtrise,62,38,1116.0,684.0,93.95634620952104,72.80423347547196,151.54249388632425,191.59008809334728,0.4511492663474553,0.6290326030367372
Company B,2020,36-45,Statutaires,Exécution,63,37,1134.0,666.0,129.35103484532618,41.64172159819701,205.31910292908918,112.54519350864057,0.6211035957232602,0.35978677724379654
Company B,2020,46-55,CDD,Cadres,76,24,1368.0,432.0,236.2566299672956,71.95912015209791,310.86398679907313,299.82966730040795,1.134431143605568,0.6217307771910999
Company B,2020,46-55,CDD,Maîtrise,74,26,1332.0,468.0,238.57397053461744,62.599978331453514,322.3972574792128,240.76914742866734,1.1455582950860341,0.540867274334314
Company B,2020,46-55,CDD,Exécution,83,17,1494.0,306.0,76.25797245203984,34.77179022443621,91.8770752434215,204.53994249668358,0.36616715860962185,0.3004301902923467
Company B,2020,46-55,CDI,Cadres,79,21,1422.0,378.0,180.04239963979475,70.29029363487153,227.90177169594273,334.7156839755787,0.8645078250254238,0.6073120238022424
Company B,2020,46-55,CDI,Maîtrise,61,39,1098.0,702.0,123.64759221860392,46.809094886837734,202.70097085017036,120.02332022266086,0.593717431185076,0.4044331681945545
Company B,2020,46-55,CDI,Exécution,66,34,1188.0,612.0,98.97961182588413,75.82298457390087,149.96910882709716,223.00877815853195,0.4752694316041685,0.6551147794530919
Company B,2020,46-55,Statutaires,Cadres,74,26,1332.0,468.0,90.54910039326984,24.19702586267282,122.36364918009438,93.06548408720315,0.4347887275197822,0.2090636414607985
Company B,2020,46-55,Statutaires,Maîtrise,40,60,720.0,1080.0,72.46243851159183,129.92302400304845,181.15609627897956,216.5383733384141,0.3479421805031779,1.1225421116558532
Company B,2020,46-55,Statutaires,Exécution,74,26,1332.0,468.0,254.99335884172132,27.352489952864985,344.58562005638015,105.2018844340961,1.2243991109273087,0.2363270256857179
Company B,2020,56-65,CDD,Cadres,76,24,1368.0,432.0,134.72124165065895,29.29940097417106,177.26479164560388,122.08083739237942,0.646889665085273,0.2531484445668832
Company B,2020,56-65,CDD,Maîtrise,86,14,1548.0,252.00000000000003,197.8631823688096,17.042492128174565,230.07346787070884,121.73208662981831,0.950077702721644,0.14724807437510423
Company B,2020,56-65,CDD,Exécution,53,47,954.0,846.0,148.30201301789995,124.68478733852848,279.815118901698,265.2867815713372,0.712100321799193,1.0772834572190122
Company B,2020,56-65,CDI,Cadres,42,58,756.0,1044.0,79.03559690981193,169.0306280929653,188.17999264240936,291.4321174016643,0.37950445073375555,1.4604339735006504
Company B,2020,56-65,CDI,Maîtrise,40,60,720.0,1080.0,140.95246493386375,148.50573994573986,352.38116233465934,247.5095665762331,0.676810068826773,1.2830978049571442
Company B,2020,56-65,CDI,Exécution,44,56,792.0,1008.0000000000001,153.93873863912285,195.88048932935078,349.8607696343701,349.78658808812634,0.7391661319462347,1.6924182592824497
Company B,2020,56-65,Statutaires,Cadres,65,35,1170.0,630.0,102.68779291735142,66.92526976499005,157.98121987284833,191.21505647140015,0.4930749683921608,0.5782380314929155
Company B,2020,56-65,Statutaires,Maîtrise,53,47,954.0,846.0,118.85626119320034,78.55686374916812,224.25709659094403,167.14226329610239,0.5707109439796424,0.6787356467009514
Company B,2020,56-65,Statutaires,Exécution,78,22,1404.0,396.0,133.56497204741171,71.39478821445394,171.23714365052783,324.52176461115425,0.6413376166686435,0.6168549180443575
Company B,2021,26-35,CDD,Cadres,66,34,1188.0,612.0,110.15857609806473,51.12609797608575,166.90693348191624,150.3708764002522,0.528947354739579,0.4417323136001879
Company B,2021,26-35,CDD,Maîtrise,48,52,864.0,936.0,47.98054837714745,182.03644453746182,99.95947578572385,350.070085648965,0.23038772869080693,1.5728049467553293
Company B,2021,26-35,CDD,Exécution,54,46,972.0000000000001,828.0,137.47447989426897,42.909585756475195,254.58237017457213,93.28170816625043,0.6601098621639726,0.37074119367958525
Company B,2021,26-35,CDI,Cadres,54,46,972.0000000000001,828.0,121.89060158676801,161.85895027708878,225.7233362717926,351.86728321106256,0.5852809064955729,1.398470280603843
Company B,2021,26-35,CDI,Maîtrise,65,35,1170.0,630.0,67.53452084437313,35.57861167932944,103.89926283749712,101.65317622665555,0.32427984655897973,0.30740117227690894
Company B,2021,26-35,CDI,Exécution,81,19,1458.0,342.0,133.83998172854692,62.81564173271104,165.23454534388506,330.6086406984792,0.6426581279580663,0.542730618046579
Company B,2021,26-35,Statutaires,Cadres,52,48,936.0,864.0,174.3205303897182,111.59006373758447,335.2317892109965,232.479299453301,0.8370331815505531,0.9641443212163857
Company B,2021,26-35,Statutaires,Maîtrise,71,29,1278.0,522.0,109.82401444085863,103.84914353614121,154.6817104800826,358.1004949522111,0.5273408933105668,0.8972623426312529
Company B,2021,26-35,Statutaires,Exécution,78,22,1404.0,396.0,100.71486006241159,24.183515945282693,129.12161546463022,109.9250724785577,0.4836015560473042,0.20894691502749865
Company B,2021,36-45,CDD,Cadres,88,12,1584.0,216.0,195.49397584194898,28.74487881460279,222.15224527494203,239.54065678835659,0.9387015069718091,0.24835734244515975
Company B,2021,36-45,CDD,Maîtrise,71,29,1278.0,522.0,252.8491920530021,101.99638853897545,356.12562260986215,351.7116846171568,1.2141034862815814,0.8812544370051448
Company B,2021,36-45,CDD,Exécution,43,57,774.0,1026.0,66.8026170224852,131.80475821778592,155.3549233081051,231.23641792594023,0.320765471153775,1.1388003993242262
Company B,2021,36-45,CDI,Cadres,69,31,1242.0,558.0,187.31885248171517,80.58066601192148,271.47659779958724,259.9376322965209,0.8994470972904791,0.6962214101600267
Company B,2021,36-45,CDI,Maîtrise,76,24,1368.0,432.0,224.68434506545287,66.68451504620319,295.63729613875375,277.85214602584665,1.0788646166592377,0.576157897409739
Company B,2021,36-45,CDI,Exécution,62,38,1116.0,684.0,95.58052486432771,80.83591324517353,154.16213687794792,212.72608748729877,0.4589480690690853,0.6984267603695657
Company B,2021,36-45,Statutaires,Cadres,78,22,1404.0,396.0,223.56236301765762,57.07694995699336,286.61841412520204,259.44068162269707,1.0734772064614309,0.49314800377564677
Company B,2021,36-45,Statutaires,Maîtrise,84,16,1512.0,288.0,159.01321450072663,39.64237827507793,189.30144583419838,247.76486421923707,0.7635321929354011,0.34251234037565176
Company B,2021,36-45,Statutaires,Exécution,54,46,972.0000000000001,828.0,140.7901901005439,153.32382490298085,260.72257426026647,333.312662832567,0.6760308753507341,1.3247263254102368
Company B,2021,46-55,CDD,Cadres,82,18,1476.0,324.0,214.06347796246212,18.408694084594853,261.0530219054416,102.27052269219362,1.0278665032289547,0.1590521348245624
Company B,2021,46-55,CDD,Maîtrise,68,32,1224.0,576.0,159.5682319961257,53.0752195807687,234.65916470018482,165.86006118990218,0.7661972150010836,0.45857283204396665
Company B,2021,46-55,CDD,Exécution,75,25,1350.0,450.0,85.78367843601768,86.6527751751677,114.37823791469025,346.6111007006708,0.4119066476328516,0.7486847690959713
Company B,2021,46-55,CDI,Cadres,52,48,936.0,864.0,164.07647038072903,158.57818639226275,315.5316738090943,330.3712216505474,0.7878443790489246,1.3701242992246652
Company B,2021,46-55,CDI,Maîtrise,71,29,1278.0,522.0,125.39353845508175,61.77792374312132,176.6106175423687,213.0273232521425,0.6021009241096791,0.5337646772345026
Company B,2021,46-55,CDI,Exécution,46,54,828.0,972.0000000000001,64.56559899166189,139.0153327594641,140.3599978079606,257.43580140641495,0.3100240036092475,1.201100162082807
Company B,2021,46-55,Statutaires,Cadres,61,39,1098.0,702.0,61.61566581406961,64.30823856791326,101.00928821978624,164.8929194049058,0.29585933839464906,0.5556267372378889
Company B,2021,46-55,Statutaires,Maîtrise,67,33,1206.0,594.0,167.19253342275294,46.46159533138714,249.54109466082528,140.79271312541556,0.8028067484046526,0.4014307528200029
Company B,2021,46-55,Statutaires,Exécution,41,59,738.0,1062.0,111.90637485594067,126.96715590693915,272.9423776974163,215.19856933379518,0.5373397428980154,1.0970032478567406
Company B,2021,56-65,CDD,Cadres,81,19,1458.0,342.0,76.52775818652214,35.22696929773652,94.47871381052114,185.4051015670343,0.3674625861256224,0.3043629626554045
Company B,2021,56-65,CDD,Maîtrise,84,16,1512.0,288.0,191.74270562227693,39.61394403195768,228.26512574080587,247.5871501997355,0.9206890695394071,0.3422666669427828
Company B,2021,56-65,CDD,Exécution,45,55,810.0,990.0000000000001,68.01923668654946,61.04359358930025,151.15385930344326,110.9883519805459,0.3266073018656942,0.5274200240997083
Company B,2021,56-65,CDI,Cadres,67,33,1206.0,594.0,177.01175778506948,116.51857736305543,264.19665341055145,353.0865980698649,0.8499556217471885,1.0067269514692883
Company B,2021,56-65,CDI,Maîtrise,67,33,1206.0,594.0,91.84288700700294,117.57137733313262,137.07893583134768,356.27690100949275,0.44100109001730026,1.015823201426755
Company B,2021,56-65,CDI,Exécution,83,17,1494.0,306.0,229.53914710876262,47.345622673506305,276.5531892876658,278.5036627853312,1.102175872029015,0.40906879793940126
Company B,2021,56-65,Statutaires,Cadres,83,17,1494.0,306.0,161.36739110595045,39.90682321519513,194.41854350114514,234.74601891291252,0.7748362196578819,0.34479715928110527
Company B,2021,56-65,Statutaires,Maîtrise,59,41,1062.0,738.0,202.3210872057618,71.16470712289647,342.91709695891836,173.57245639730849,0.9714831806672516,0.6148670046906556
Company B,2021,56-65,Statutaires,Exécution,69,31,1242.0,558.0,87.72015189439854,96.0146431494716,127.13065491941819,309.72465532087614,0.4212049932507373,0.8295718260711216
Company B,2022,26-35,CDD,Cadres,50,50,900.0,900.0,91.0439573917849,137.43870829477368,182.0879147835698,274.87741658954735,0.4371648775174537,1.1874780395262976
Company B,2022,26-35,CDD,Maîtrise,67,33,1206.0,594.0,80.82735999242257,44.18916929562982,120.63785073495906,133.90657362312066,0.38810794195919796,0.38179686621418546
Company B,2022,26-35,CDD,Exécution,64,36,1152.0,648.0,217.38705723853562,120.94212233280149,339.6672769352119,335.9503398133375,1.0438253012510113,1.0449466246138026
Company B,2022,26-35,CDI,Cadres,78,22,1404.0,396.0,254.9676678220346,68.65871222963624,326.8816254128649,312.0850555892556,1.2242757506099808,0.5932150702405066
Company B,2022,26-35,CDI,Maîtrise,72,28,1296.0,504.00000000000006,114.94385242782626,97.00487344486946,159.64423948309204,346.44597658881946,0.5519247691723147,0.8381274705794837
Company B,2022,26-35,CDI,Exécution,40,60,720.0,1080.0,107.27827697169134,171.5665603589143,268.19569242922836,285.94426726485716,0.5151170506659528,1.482344568506258
Company B,2022,26-35,Statutaires,Cadres,66,34,1188.0,612.0,205.02899607585664,86.91151498690552,310.6499940543282,255.62210290266327,0.9844857201376003,0.750920295376754
Company B,2022,26-35,Statutaires,Maîtrise,52,48,936.0,864.0,124.75019394856452,97.4042975032642,239.90421913185483,202.9256197984671,0.5990117831007611,0.8415785165307086
Company B,2022,26-35,Statutaires,Exécution,80,20,1440.0,360.0,186.40452492489737,68.36733810111672,233.00565615612172,341.83669050558353,0.8950567796259357,0.5906975816581709
Company B,2022,36-45,CDD,Cadres,42,58,756.0,1044.0,65.22604978811123,187.82560509576393,155.30011854312198,323.8372501651103,0.31319528372280436,1.6228236140985308
Company B,2022,36-45,CDD,Maîtrise,78,22,1404.0,396.0,89.80744289992238,22.48598900430765,115.13774730759279,102.20904092867114,0.4312275180059655,0.19428018839042382
Company B,2022,36-45,CDD,Exécution,45,55,810.0,990.0000000000001,149.51171459132922,53.41549571284193,332.24825464739826,97.11908311425805,0.7179089339831424,0.4615128366411087
Company B,2022,36-45,CDI,Cadres,47,53,846.0,954.0,156.56305145402663,101.5719078002489,333.11287543409924,191.64510905707337,0.7517672690580363,0.8775868999503101
Company B,2022,36-45,CDI,Maîtrise,66,34,1188.0,612.0,172.21867968609632,105.00879576577226,260.9373934637823,308.8493993110949,0.8269407456357262,0.9072818020198052
Company B,2022,36-45,CDI,Exécution,48,52,864.0,936.0,87.1382609199116,185.41356855581822,181.53804358314918,356.56455491503505,0.4184109330640142,1.6019834850165737
Company B,2022,36-45,Statutaires,Cadres,76,24,1368.0,432.0,140.057804710518,31.347014543508628,184.28658514541843,130.6125605979526,0.6725141876045233,0.2708399390315243
Company B,2022,36-45,Statutaires,Maîtrise,72,28,1296.0,504.00000000000006,205.92578397237455,70.11628208062143,286.00803329496466,250.4152931450765,0.988791817787259,0.6058085543513169
Company B,2022,36-45,Statutaires,Exécution,81,19,1458.0,342.0,269.09801385162865,36.639700945171406,332.2197701871958,192.84053129037582,1.2921252945915136,0.3165690422081511
Company B,2022,46-55,CDD,Cadres,83,17,1494.0,306.0,273.4960676778128,59.819070859690285,329.5133345515817,351.8768874099428,1.3132433865255584,0.516840080004236
Company B,2022,46-55,CDD,Maîtrise,63,37,1134.0,666.0,189.3568303503818,117.42768042125729,300.56639738155843,317.37210924664134,0.9092328356399779,1.0145816521622368
Company B,2022,46-55,CDD,Exécution,54,46,972.0000000000001,828.0,142.20821400929518,145.52042512512332,263.3485444616577,316.34875027200724,0.6828397868495878,1.2573045198299924
Company B,2022,46-55,CDI,Cadres,71,29,1278.0,522.0,80.02963128955086,62.79867441194617,112.71779054866319,216.54715314464198,0.38427749586838983,0.5425840194569395
Company B,2022,46-55,CDI,Maîtrise,71,29,1278.0,522.0,94.88422449193746,58.580367033039174,133.63975280554573,202.0012656311696,0.45560465039824005,0.5061376104461653
Company B,2022,46-55,CDI,Exécution,63,37,1134.0,666.0,209.54406746845618,60.613366485877556,332.6096309023114,163.8199094212907,1.0061656941729384,0.5237028381361462
Company B,2022,46-55,Statutaires,Cadres,80,20,1440.0,360.0,202.98867688647144,21.044276819150063,253.73584610808928,105.22138409575031,0.9746887394913637,0.18182371538923503
Company B,2022,46-55,Statutaires,Maîtrise,88,12,1584.0,216.0,81.3852194641112,38.817004990663726,92.48320393649,323.47504158886437,0.39078661031456446,0.33538106955817976
Company B,2022,46-55,Statutaires,Exécution,88,12,1584.0,216.0,103.30963858496922,37.13799269581451,117.39731657382866,309.48327246512093,0.4960608786371325,0.3208743104874245
Company B,2022,56-65,CDD,Cadres,51,49,918.0,882.0,137.26419360617928,176.36264817575508,269.14547765917507,359.9237717872553,0.6591001325563204,1.5237830324499317
Company B,2022,56-65,CDD,Maîtrise,78,22,1404.0,396.0,71.26596955801365,79.00022812218998,91.36662763847903,359.0919460099545,0.34219710726022107,0.6825663394002937
Company B,2022,56-65,CDD,Exécution,41,59,738.0,1062.0,54.7014512919171,141.58027070249855,133.41817388272466,239.96656051270944,0.26265942231785805,1.2232613677423412
Company B,2022,56-65,CDI,Cadres,42,58,756.0,1044.0,100.02641171417086,172.62342921726795,238.15812312897825,297.62660209873786,0.4802958403638282,1.491475973883428
Company B,2022,56-65,CDI,Maîtrise,88,12,1584.0,216.0,243.5942989717839,41.410409648190665,276.81170337702713,345.08674706825553,1.1696643569181977,0.3577882292050342
Company B,2022,56-65,CDI,Exécution,76,24,1368.0,432.0,202.18245044993364,76.65715091589625,266.0295400657022,319.4047954829011,0.970817489916132,0.6623220227742894
Company B,2022,56-65,Statutaires,Cadres,88,12,1584.0,216.0,132.486387927829,18.814078496479606,150.55271355435116,156.7839874706634,0.636158589877216,0.16255467855952657
Company B,2022,56-65,Statutaires,Maîtrise,56,44,1008.0000000000001,792.0,158.08149826774743,93.1246432748391,282.2883897638347,211.64691653372523,0.7590583802350304,0.8046020673478409
Company B,2022,56-65,Statutaires,Exécution,88,12,1584.0,216.0,135.57038318923972,14.984765050908436,154.05725362413605,124.87304209090364,0.6509669796851998,0.12946919864272022
Company C,2020,26-35,CDD,Cadres,41,59,738.0,1062.0,72.92174658623092,205.08032864231447,177.85791850300225,347.59377735985504,0.3501476355816332,1.771905379664027
Company C,2020,26-35,CDD,Maîtrise,41,59,738.0,1062.0,119.53659854656527,149.66361926802517,291.55267938186654,253.6671513017376,0.5739777131785522,1.293101946328194
Company C,2020,26-35,CDD,Exécution,67,33,1206.0,594.0,177.81859143764115,50.072073970358524,265.40088274274797,151.7335574859349,0.8538297869856964,0.43262548790702027
Company C,2020,26-35,CDI,Cadres,62,38,1116.0,684.0,197.95999891672537,103.1164902200409,319.29032083342804,271.3591847895813,0.9505425857904801,0.8909321774670892
Company C,2020,26-35,CDI,Maîtrise,76,24,1368.0,432.0,203.34216550003046,61.654709981671644,267.5554809210927,256.89462492363185,0.9763860823011161,0.5327001035223056
Company C,2020,26-35,CDI,Exécution,71,29,1278.0,522.0,172.84475925940993,54.14414082197141,243.44332290057739,186.70393386886695,0.8299469857841638,0.46780837067540537
Company C,2020,26-35,Statutaires,Cadres,72,28,1296.0,504.00000000000006,83.01037486578119,33.78495397029196,115.29218731358499,120.66054989389984,0.3985901030720311,0.2919038704880936
Company C,2020,26-35,Statutaires,Maîtrise,40,60,720.0,1080.0,75.71330673041881,162.79485768603354,189.283266826047,271.3247628100559,0.36355184255458944,1.4065565723693931
Company C,2020,26-35,Statutaires,Exécution,58,42,1044.0,756.0,93.7306907789582,96.80289328249016,161.60463927406587,230.4830792440242,0.45006573887908485,0.8363823508077601
Company C,2020,36-45,CDD,Cadres,41,59,738.0,1062.0,63.90965352206455,176.13031980348737,155.87720371235258,298.52596576862265,0.30687435667946106,1.5217757024666265
Company C,2020,36-45,CDD,Maîtrise,83,17,1494.0,306.0,292.75166532002305,39.1755047010405,352.7128497831603,230.44414530023823,1.4057028009220354,0.3384785268795619
Company C,2020,36-45,CDD,Exécution,65,35,1170.0,630.0,127.48865067901646,112.03115178010204,196.13638566002533,320.08900508600584,0.6121610039326633,0.9679553462942979
Company C,2020,36-45,CDI,Cadres,71,29,1278.0,522.0,234.90532462745261,69.31430547604222,330.8525698978206,239.01484646911112,1.1279425940048624,0.5988794321413705
Company C,2020,36-45,CDI,Maîtrise,45,55,810.0,990.0000000000001,117.18334305866743,132.79928877300486,260.407429019261,241.45325231455428,0.5626781093761042,1.147393198315231
Company C,2020,36-45,CDI,Exécution,71,29,1278.0,522.0,216.26532688893397,94.74197708814842,304.59905195624503,326.6964727177532,1.0384390996299528,0.8185759209274963
Company C,2020,36-45,Statutaires,Cadres,43,57,774.0,1026.0,97.05616650951282,113.39601311008792,225.7120151384019,198.94037387734724,0.4660336430880285,0.979747823657231
Company C,2020,36-45,Statutaires,Maîtrise,50,50,900.0,900.0,122.88202442455847,63.09205584083649,245.76404884911693,126.18411168167297,0.5900414118148395,0.5451188512254751
Company C,2020,36-45,Statutaires,Exécution,56,44,1008.0000000000001,792.0,124.86867530541224,43.019381946024666,222.97977733109326,97.77132260460151,0.5995806938702211,0.3716898388286216
Company C,2020,46-55,CDD,Cadres,77,23,1386.0,414.0,109.89101716321345,67.59402357733174,142.715606705472,293.88705903187713,0.5276626196255327,0.5840161014111952
Company C,2020,46-55,CDD,Maîtrise,63,37,1134.0,666.0,179.58910480598206,95.26892418021112,285.06207112060645,257.48357886543545,0.8623312436664845,0.8231287729411709
Company C,2020,46-55,CDD,Exécution,44,56,792.0,1008.0000000000001,72.95575665797367,156.85686093660263,165.80853785903105,280.10153738679037,0.35031094140964975,1.35525195210474
Company C,2020,46-55,CDI,Cadres,73,27,1314.0,486.00000000000006,70.49267698363956,39.825087373999594,96.56531093649254,147.5003236074059,0.3384839958880224,0.3440909570934819
Company C,2020,46-55,CDI,Maîtrise,45,55,810.0,990.0000000000001,118.92488395272089,69.75116412463531,264.2775198949353,126.82029840842783,0.5710404492111827,0.6026539150219051
Company C,2020,46-55,CDI,Exécution,61,39,1098.0,702.0,84.07012889834095,36.63155329482797,137.8198834399032,93.92705973032811,0.4036787136192306,0.3164986460586484
Company C,2020,46-55,Statutaires,Cadres,50,50,900.0,900.0,171.96190888764343,92.32932043889059,343.92381777528686,184.65864087778118,0.8257078118104458,0.7977304340667928
Company C,2020,46-55,Statutaires,Maîtrise,87,13,1566.0,234.0,302.3778227379078,32.406110808597624,347.5607157906986,249.27777545075094,1.4519246266105243,0.27999058932605514
Company C,2020,46-55,Statutaires,Exécution,55,45,990.0000000000001,810.0,185.35736194773662,88.15765147961747,337.0133853595211,195.9058921769277,0.8900286274259898,0.7616869835805898
Company C,2020,56-65,CDD,Cadres,72,28,1296.0,504.00000000000006,136.75885132965837,58.27310410499393,189.94284906896996,208.11822894640687,0.6566736355020569,0.5034828417573347
Company C,2020,56-65,CDD,Maîtrise,48,52,864.0,936.0,45.203177502141216,173.74388070692225,94.17328646279421,334.122847513312,0.21705165419255362,1.5011567367109233
Company C,2020,56-65,CDD,Exécution,45,55,810.0,990.0000000000001,153.29070535440863,101.21593685296011,340.64601189868586,184.0289760962911,0.7360544768770222,0.8745112912818395
Company C,2020,56-65,CDI,Cadres,55,45,990.0000000000001,810.0,113.0853460251212,102.94972293291701,205.6097200456749,228.7771620731489,0.5430007972011965,0.8894912988847158
Company C,2020,56-65,CDI,Maîtrise,68,32,1224.0,576.0,238.67782477641774,96.50762030083477,350.99680114179074,301.58631344010865,1.1460569709805901,0.8338311759187383
Company C,2020,56-65,CDI,Exécution,42,58,756.0,1044.0,147.07450540192127,114.29859971151092,350.17739381409825,197.06655122674297,0.7062062105153235,0.9875462218032739
Company C,2020,56-65,Statutaires,Cadres,59,41,1062.0,738.0,188.98440625595046,105.76499771522559,320.31255297618725,257.96340906152585,0.9074445705173844,0.9138154286782927
Company C,2020,56-65,Statutaires,Maîtrise,75,25,1350.0,450.0,127.12590064409112,80.70955034040531,169.50120085878817,322.83820136162126,0.610419190646745,0.6973349778849603
Company C,2020,56-65,Statutaires,Exécution,58,42,1044.0,756.0,112.5063042990615,145.4756387227766,193.97638672251983,346.37056838756337,0.5402204182227096,1.256917562837192
Company C,2021,26-35,CDD,Cadres,65,35,1170.0,630.0,207.87448585120836,45.398443947794085,319.80690130955134,129.70983985084024,0.9981488804917332,0.39224506607736376
Company C,2021,26-35,CDD,Maîtrise,42,58,756.0,1044.0,73.73895538472189,197.30362210029006,175.56894139219497,340.1786587936036,0.354071619056573,1.704714205117419
Company C,2021,26-35,CDD,Exécution,58,42,1044.0,756.0,78.74256413104209,93.60598763521963,135.76304160524498,222.87139913147533,0.37809739811313786,0.8087609092381168
Company C,2021,26-35,CDI,Cadres,59,41,1062.0,738.0,141.79844110961517,65.48765378469469,240.33634086375454,159.72598484071875,0.6808721843350388,0.5658169499282416
Company C,2021,26-35,CDI,Maîtrise,71,29,1278.0,522.0,243.36087020662174,62.05032971345587,342.7617890234109,213.9666541843306,1.1685435043053,0.5361182798812499
Company C,2021,26-35,CDI,Exécution,46,54,828.0,972.0000000000001,127.84690074703164,191.4887494766226,277.92804510224266,354.60879532707884,0.6138812097715914,1.6544733841076775
Company C,2021,26-35,Statutaires,Cadres,80,20,1440.0,360.0,195.13321273930282,44.60137707561496,243.9165159241285,223.0068853780748,0.9369692343191338,0.3853583642268443
Company C,2021,26-35,Statutaires,Maîtrise,72,28,1296.0,504.00000000000006,83.6911103890374,50.053621737735625,116.2376533181075,178.7629347776272,0.4018587841594037,0.4324660595968171
Company C,2021,26-35,Statutaires,Exécution,79,21,1422.0,378.0,202.2810414549329,54.813828439758346,256.0519512087758,261.01823066551594,0.9712908933781469,0.473594508724368
Company C,2021,36-45,CDD,Cadres,78,22,1404.0,396.0,278.7053408319578,34.06464975542467,357.31453952815104,154.83931707011212,1.3382567023526257,0.29432045753779734
Company C,2021,36-45,CDD,Maîtrise,57,43,1026.0,774.0,72.85892994490105,47.50773239341588,127.8226841138615,110.48309858933925,0.3498460095308799,0.41046943488349646
Company C,2021,36-45,CDD,Exécution,79,21,1422.0,378.0,181.65971484918504,26.20748023233381,229.9490061382089,124.7975249158753,0.8722736716084942,0.2264340783854658
Company C,2021,36-45,CDI,Cadres,40,60,720.0,1080.0,130.7562917682192,74.74342591115914,326.890729420548,124.57237651859856,0.6278512041112992,0.6457873329113456
Company C,2021,36-45,CDI,Maîtrise,50,50,900.0,900.0,145.0037633968176,65.50686362415973,290.0075267936352,131.01372724831947,0.696263148933149,0.5659829240034537
Company C,2021,36-45,CDI,Exécution,67,33,1206.0,594.0,186.39014754604398,42.06950108306244,278.19425006872234,127.48333661534072,0.8949877439068663,0.36348281564767965
Company C,2021,36-45,Statutaires,Cadres,64,36,1152.0,648.0,178.98924971297248,94.69302519487246,279.6707026765195,263.03618109686795,0.8594509253479904,0.8181529738627308
Company C,2021,36-45,Statutaires,Maîtrise,89,11,1602.0,198.0,166.48572363810717,15.301838506654601,187.0626108293339,139.1076227877691,0.7994128667920253,0.1322087308333731
Company C,2021,36-45,Statutaires,Exécution,62,38,1116.0,684.0,104.94727472987618,69.66546326902836,169.2697979514132,183.33016649744306,0.5039243000570258,0.6019134548905164
Company C,2021,46-55,CDD,Cadres,70,30,1260.0,540.0,215.96925838543908,99.63986120238697,308.5275119791987,332.13287067462323,1.0370174703996884,0.8608939105096507
Company C,2021,46-55,CDD,Maîtrise,69,31,1242.0,558.0,213.02412542873137,67.57058929000242,308.7306165633788,217.96964287097555,1.022875854358645,0.5838136278728393
Company C,2021,46-55,CDD,Exécution,81,19,1458.0,342.0,262.5287160734687,51.34571198612869,324.10952601662797,270.2405894006773,1.260581561862425,0.443629790790813
Company C,2021,46-55,CDI,Cadres,74,26,1332.0,468.0,249.06546240078296,35.49685495835442,336.57494919024725,136.52636522444007,1.1959351887101841,0.30669478968683617
Company C,2021,46-55,CDI,Maîtrise,46,54,828.0,972.0000000000001,104.90872593852846,76.63573894230422,228.06244769245316,141.91803507834112,0.5037392007035842,0.66213702213845
Company C,2021,46-55,CDI,Exécution,55,45,990.0000000000001,810.0,123.97516976104914,45.46553687637718,225.40939956554388,101.03452639194929,0.5952903570587206,0.3928247526903161
Company C,2021,46-55,Statutaires,Cadres,65,35,1170.0,630.0,198.60080390866904,47.46436346031955,305.5396983210293,135.61246702948443,0.9536195328371699,0.4100947249034003
Company C,2021,46-55,Statutaires,Maîtrise,87,13,1566.0,234.0,230.97652733969701,21.47852090002175,265.4902613099966,165.21939153862883,1.1090777265903053,0.18557560826008077
Company C,2021,46-55,Statutaires,Exécution,88,12,1584.0,216.0,245.98733003643034,16.535139690566595,279.5310568595799,137.79283075472162,1.181154950717518,0.14286452125943144
Company C,2021,56-65,CDD,Cadres,41,59,738.0,1062.0,124.9942485065764,67.23031362749894,304.8640207477473,113.949684114405,0.6001836574789994,0.5808736273328059
Company C,2021,56-65,CDD,Maîtrise,40,60,720.0,1080.0,132.12057691629718,73.54301111829733,330.30144229074295,122.57168519716222,0.6344020787299394,0.6354156827224584
Company C,2021,56-65,CDD,Exécution,87,13,1566.0,234.0,157.69506234442576,27.873334757948676,181.25869234991467,214.41026736883597,0.7572028346510408,0.24082715360245963
Company C,2021,56-65,CDI,Cadres,51,49,918.0,882.0,97.61777257852029,71.39795094508635,191.40739721278487,145.710103969564,0.4687303014430053,0.6168822442119091
Company C,2021,56-65,CDI,Maîtrise,44,56,792.0,1008.0000000000001,50.76505445309523,105.47760299046902,115.37512375703461,188.35286248298038,0.24375806421346022,0.9113323223645153
Company C,2021,56-65,CDI,Exécution,76,24,1368.0,432.0,187.0630849324149,54.221439151394726,246.13563806896698,225.92266313081137,0.898218980756818,0.46847623251593856
Company C,2021,56-65,Statutaires,Cadres,71,29,1278.0,522.0,70.79013388683545,80.1579150816793,99.70441392512035,276.40660372992863,0.33991229178351795,0.6925688187461492
Company C,2021,56-65,Statutaires,Maîtrise,48,52,864.0,936.0,103.54150314996683,52.31942443369029,215.71146489576424,100.6142777570967,0.4971742204454376,0.45204272018049324
Company C,2021,56-65,Statutaires,Exécution,80,20,1440.0,360.0,189.21124109683657,61.1681615410883,236.5140513710457,305.8408077054415,0.9085337611487398,0.5284962980913106
Company C,2022,26-35,CDD,Cadres,74,26,1332.0,468.0,123.85094217523122,67.47860734226172,167.36613807463678,259.5331051625451,0.5946938546779564,0.5830188987580934
Company C,2022,26-35,CDD,Maîtrise,58,42,1044.0,756.0,144.7244886051071,47.07147422300207,249.52498035363294,112.0749386261954,0.6949221579040964,0.40670014016763495
Company C,2022,26-35,CDD,Exécution,87,13,1566.0,234.0,85.46450871068272,42.36260970614788,98.23506748354336,325.8662285088298,0.4103740934921863,0.36601529035897595
Company C,2022,26-35,CDI,Cadres,55,45,990.0000000000001,810.0,55.04620602925835,152.3859966646153,100.0840109622879,338.6355481435896,0.2643148277598115,1.3166234375722767
Company C,2022,26-35,CDI,Maîtrise,42,58,756.0,1044.0,131.08290357880526,61.76480851327166,312.10215137810775,106.49104916081322,0.6294194928397449,0.5336513609233771
Company C,2022,26-35,CDI,Exécution,59,41,1062.0,738.0,110.47836917681417,67.55035564989545,187.25147318104098,164.756964999745,0.5304829020302226,0.5836388081034686
Company C,2022,26-35,Statutaires,Cadres,63,37,1134.0,666.0,78.31299320208561,113.83950785132683,124.3063384160089,307.6743455441266,0.3760347315955325,0.9835796427451775
Company C,2022,26-35,Statutaires,Maîtrise,72,28,1296.0,504.00000000000006,166.32408975465398,81.76843259300459,231.0056802147972,292.0301164035878,0.7986367509586766,0.7064837790997458
Company C,2022,26-35,Statutaires,Exécution,63,37,1134.0,666.0,187.6759033820737,51.733649833702096,297.8982593366249,139.82067522622188,0.9011615450978281,0.4469815952453957
Company C,2022,36-45,CDD,Cadres,50,50,900.0,900.0,74.13583871207383,73.2621586504559,148.27167742414767,146.5243173009118,0.3559773298380574,0.632989101870191
Company C,2022,36-45,CDD,Maîtrise,88,12,1584.0,216.0,227.19877705459447,22.803296130440778,258.1804284711301,190.02746775367316,1.0909381400873641,0.19702173950614119
Company C,2022,36-45,CDD,Exécution,47,53,846.0,954.0,53.13059330770915,117.03523918083516,113.04381554831734,220.82120600157577,0.2551166489374299,1.01119093814442
Company C,2022,36-45,CDI,Cadres,75,25,1350.0,450.0,77.96554853664306,64.23219707829497,103.95406471552407,256.9287883131799,0.3743664099521898,0.5549697345627698
Company C,2022,36-45,CDI,Maîtrise,77,23,1386.0,414.0,179.76862790301797,43.60953701728287,233.46575052339995,189.60668268383856,0.8631932579612887,0.37678881127771613
Company C,2022,36-45,CDI,Exécution,79,21,1422.0,378.0,186.4174714394357,45.12571840474948,235.97148283472873,214.8843733559499,0.8951189447778531,0.3898887023047302
Company C,2022,36-45,Statutaires,Cadres,59,41,1062.0,738.0,154.64258330866429,119.64503285140685,262.10607340451577,291.81715329611427,0.7425457759947388,1.0337396997702337
Company C,2022,36-45,Statutaires,Maîtrise,74,26,1332.0,468.0,211.67304847778777,25.975160842919973,286.0446601051186,99.90446478046142,1.0163884014106779,0.22442682601451505
Company C,2022,36-45,Statutaires,Exécution,87,13,1566.0,234.0,307.5276534657493,20.560536746475126,353.48006145488426,158.15797497288557,1.476652518322046,0.17764417441226132
Company C,2022,46-55,CDD,Cadres,64,36,1152.0,648.0,146.81670018644655,101.7375797479785,229.40109404132272,282.6043881888292,0.7049683097399718,0.8790183147397487
Company C,2022,46-55,CDD,Maîtrise,74,26,1332.0,468.0,131.12670329366094,86.24352000564139,177.1982476941364,331.7058461755438,0.6296298055011089,0.7451487818009451
Company C,2022,46-55,CDD,Exécution,64,36,1152.0,648.0,195.00817445603198,82.13504737364273,304.70027258755,228.15290937122984,0.9363688392203591,0.7096513510769202
Company C,2022,46-55,CDI,Cadres,68,32,1224.0,576.0,110.92480133171681,74.77460512692326,163.12470784076,233.6706410216352,0.5326265309311284,0.6460567230596446
Company C,2022,46-55,CDI,Maîtrise,57,43,1026.0,774.0,118.8577016465974,51.142670516548,208.5222835905218,118.93644306173954,0.5707178605905955,0.44187550126618286
Company C,2022,46-55,CDI,Exécution,85,15,1530.0,270.0,94.50573951805005,31.62020085634991,111.18322296241182,210.80133904233276,0.4537872828101894,0.2732002838806801
Company C,2022,46-55,Statutaires,Cadres,57,43,1026.0,774.0,55.20147941163891,100.53686463542819,96.84470072217353,233.80666194285627,0.26506040243752477,0.8686440697721461
Company C,2022,46-55,Statutaires,Maîtrise,41,59,738.0,1062.0,143.4651795048463,91.72555122901244,349.9150719630398,155.46703598137702,0.6888753457449646,0.7925138347072096
Company C,2022,46-55,Statutaires,Exécution,74,26,1332.0,468.0,233.6288280783387,42.30087481264655,315.7146325382955,162.69567235633286,1.121813253041096,0.36548189746540993
Company C,2022,56-65,CDD,Cadres,55,45,990.0000000000001,810.0,152.85216960491417,86.34002581721165,277.91303564529846,191.86672403824812,0.7339487640685401,0.7459825973493318
Company C,2022,56-65,CDD,Maîtrise,80,20,1440.0,360.0,160.3338359934823,19.083844679997224,200.41729499185286,95.41922339998611,0.7698734082084043,0.16488547330220513
Company C,2022,56-65,CDD,Exécution,75,25,1350.0,450.0,102.59209981434628,44.24034367686453,136.7894664191284,176.96137470745813,0.4926154797577369,0.38223901569781005
Company C,2022,56-65,CDI,Cadres,72,28,1296.0,504.00000000000006,95.21136109525912,41.18546932893878,132.23800152119324,147.09096188906705,0.45717545901881845,0.3558447324083184
Company C,2022,56-65,CDI,Maîtrise,43,57,774.0,1026.0,67.75320047690953,101.70184250018106,157.56558250444075,178.42428508803695,0.32532987840636474,0.8787095429426391
Company C,2022,56-65,CDI,Exécution,72,28,1296.0,504.00000000000006,171.56966361886984,34.254017165535394,238.29119947065257,122.33577559119783,0.8238243715493607,0.29595660243248134
Company C,2022,56-65,Statutaires,Cadres,53,47,954.0,846.0,149.9586765383789,155.30791192589265,282.94089912901677,330.4423657997716,0.7200551067818058,1.3418689470009733
Company C,2022,56-65,Statutaires,Maîtrise,60,40,1080.0,720.0,160.95197502827247,100.10798498383726,268.25329171378746,250.26996245959313,0.7728415203508714,0.8649385258669193
Company C,2022,56-65,Statutaires,Exécution,87,13,1566.0,234.0,144.05647239260196,35.53649140197159,165.58215217540456,273.35762616901224,0.6917145510064436,0.3070372507514394
